{
  "capturedAt": "2026-04-20T21:22:58.344Z",
  "node": "v24.15.0",
  "platform": "darwin-arm64",
  "benchmarks": {
    "bench/retry.bench.ts > retry — calculateDelay (exponential backoff + jitter) > attempt=0, base=100, max=5000": {
      "hz": 22609312.5529987,
      "mean": 0.00004422956238301765
    },
    "bench/retry.bench.ts > retry — calculateDelay (exponential backoff + jitter) > attempt=3, base=100, max=5000": {
      "hz": 22283781.01959198,
      "mean": 0.00004487568779825993
    },
    "bench/retry.bench.ts > retry — calculateDelay (exponential backoff + jitter) > attempt=10, base=100, max=5000 (saturates at max)": {
      "hz": 19798945.80197619,
      "mean": 0.00005050773965451166
    },
    "bench/retry.bench.ts > retry — isRetryableStatus (Set lookup) > 200 (non-retryable)": {
      "hz": 25061331.24822199,
      "mean": 0.00003990211015110965
    },
    "bench/retry.bench.ts > retry — isRetryableStatus (Set lookup) > 429 (retryable)": {
      "hz": 25878920.343754377,
      "mean": 0.000038641488389655335
    },
    "bench/retry.bench.ts > retry — isRetryableStatus (Set lookup) > 503 (retryable)": {
      "hz": 25918753.688995972,
      "mean": 0.00003858210205626355
    },
    "bench/retry.bench.ts > retry — isNetworkError (cause-chain walk) > plain Error (no match)": {
      "hz": 25037584.247069016,
      "mean": 0.00003993995547382185
    },
    "bench/retry.bench.ts > retry — isNetworkError (cause-chain walk) > TypeError (fetch network failure)": {
      "hz": 25949716.75428837,
      "mean": 0.00003853606609539362
    },
    "bench/retry.bench.ts > retry — isNetworkError (cause-chain walk) > undici UND_ERR_SOCKET direct code": {
      "hz": 25172105.94987903,
      "mean": 0.000039726513228219016
    },
    "bench/retry.bench.ts > retry — isNetworkError (cause-chain walk) > nested ECONNRESET via cause chain": {
      "hz": 22566050.82659353,
      "mean": 0.00004431435556378012
    }
  }
}
